שם פרטי מרואיין,שם משפחה מרואיין,Interviewee First,Interviewee Last,מספר טייפ לסינמטק,מין,השתתפות באחד (או יותר) מן הארגונים האלה,היה גם:,שירת בחיל הים,הערות,מספר הראיונות,משך הראיונות (בדקות),שפה,הערות,חתן / כלת פרס ישראל,אחרי מות - הארץ,לינקים באינטרנט 1,לינקים באינטרנט 2,תפקידים נוספים,קרבות/מבצעים,תקציר ראיונות,לינק לyoutube תולדות ישראל
יצחק,אבינועם,Yitzchak,Avinoam,M105,זכר,"אצ""ל",,,"Etzel Commander, Jerusalem",4,676,עברית,"מפקד שרות הידיעות של האצ""ל ""דלק"" / מפקד מחוז ירושלים: ההתקפה השניה על מרכז הבולשת, פיצוץ מלון המלך דוד, בניין גולדשמיד, מחנה ""שנלר"", מגולי אריתריאה. M105A - אצ""ל, M105B - אצ""ל פתח תקוה, ירושלים, M105E - מלון המלך דוד, M105H - בנין בית גולדשמיט, M105L - סיום פרוייקט הודחה, סוף הראיון הכללית",,http://www.haaretz.co.il/magazine/obit/.premium-1.2601124,,,"כתב את הספר: ""הארגון הצבאי הלאומי: פתח תקוה""","מרכז הבולשת, מלון המלך דוד, בניין גולדשמיד, מחנה ""שנלר""",אין,https://www.youtube.com/playlist?list=PL8PsmAjtLl4xdvCnPOIZvkMMb0GZgqzzJ
אורי,אבנרי,Uri,Avnery,M930,זכר,"אצ""ל",,,,2,228,עברית,חבר הכנסת ופעיל שמאל רדיקלי ישראלי,,,https://he.wikipedia.org/wiki/%D7%90%D7%95%D7%A8%D7%99_%D7%90%D7%91%D7%A0%D7%A8%D7%99,,,,יש,https://www.youtube.com/playlist?list=PL8PsmAjtLl4xzXLmy6QBgzKUy5JDD_aec
יחזקאל,אבנרי,Yehezkel,Avnery,M476,זכר,"פלמ""ח",,,,4,599,עברית,"קורס מכי""ם בג'וערה 1945. שירת בפלוגה ח' ובפלוגה ד'. בין מלווי קבוצת הנקם ברוצחי צילה כהן באיזור עין גדי 1945. חוקר את ההכשרות המגוייסות בפלמ""ח ואת תנועת ""המחנות העולים"". כתב את הספר ""תרומת המחנות העולים לכוח המגן והפלמ""ח"". מומחה לצופיות ולשירים.",,,,,"יו""ר עמותת בוגרי ה""מחנות העולים"".","הגנת קיבוץ בית קשת, קרבות עמק הירדן - מפקד הדוידקות בחזית ה""דגניות"". גזרת קיבוץ גשר.",אין,https://www.youtube.com/playlist?list=PL8PsmAjtLl4zROo6WvzggDcUAP8bsnS0a
נחום,אדמוני,Nachum,Admoni,M198,זכר,הגנה,"ש""י",,,1,118,עברית,"ראש המוסד, M198A - ש""י ירושלים. קלטת 1 דקה 50 דיר יאסין שמעון מוניטה. דניאל אזולאי",,,,,"מנכ""ל מקורות","ש""י",אין,https://youtu.be/hS4SXsD0Ggw
אברהם,אדן,Avraham,Adan,M290,זכר,"פלמ""ח",השומר הצעיר,,,6,891,עברית," קלטת i מפוצלת לשני קבצים. אלוף במיל', קורס מפקדי כיתות ומפקדי מחלקה בג'וערה. מפקד פלוגה 8 בחטיבת הנגב. ""מניף דגל הדיו"". ממיסדי הקיבוצים גבולות ונירים. אחראי לאנדרטת חטיבת הנגב.",,,https://he.wikipedia.org/wiki/%D7%90%D7%91%D7%A8%D7%94%D7%9D_%D7%90%D7%93%D7%9F,http://www.palmach.org.il/memorial/fighterpage/?itemId=73976,ראש המוסד לשעבר,"שחרור מעפילי עתלית, הגנה על קו המים בנגב, ליווי שיירות, כיבוש חירבת אל פאר, משטרת עימרה, שועוט, חירבת מעין, פעילות גרילה בעורף מצרים, מבצע יואב, כיבוש באר שבע, כיבוש ביר תמילה ואום כתף וכיבוש אום רשרש.",אין,https://www.youtube.com/playlist?list=PL8PsmAjtLl4wS3LHT8YhFlNfLo9ycFFRY
יעקב,אהרוני,Yaakov,Aharoni,M347,זכר,"אצ""ל",,,,3,206,עברית,"חומרים נוספים - בראיון השני יש תמונות סטילס, אצ""ל, מתוקעי השופר בכותל המערבי. בראיון השלישי סיקא מספר על גיוס לאצ""ל על ידי אליהו מרידור ופעולת עירק בעיקר. השתתף בפעולת האצ""ל בעיראק בה נהרג דוד רזיאל. ממקימי היחידות המיוחדות של האצ""ל (בינהם הי""ם - המסתערבים). נחטף ועונה על ידי ההגנה בתקופת הסזון. הוסגר לבריטים והוגלה לקניה. פובליציסט, מחנך וסופר. בעל אותות ופרסים רבים.",,,,,,"פעולת האצ""ל בעיראק, ההתקפה הראשונה על מרכז הבולשת בירושלים, ההתקפה על הבולשת המחוזית בירושלים, מפקד פעולת משטרת בית דגון, הפשיטה על תחנת השידור ברמאללה, הטמנת המרגמות מול משטרת יפו ועוד...",יש מספר נקודות לראיון השני,https://youtube.com/playlist?list=PL8PsmAjtLl4y2ylqtXMKog1VE51HMHttm
גידי,אילת,Gidi,Eilat,M277,זכר,"פלמ""ח",,,,5,643,עברית,"נולד בקניגסברג גרמניה, חווה אירוע אנטישמי בבי""ס, פלמ""ח, ליל הגשרים, חומרים נוספים בקלסר - כמה נקודות מהראיונות, מפקד בגדוד השלישי של הפלמ""ח. מחלקת ביטחון של הקיבוץ הארצי. קשרים עם יצחק שדה, רבין, שמעון אבידן, ישראל בר ועוד רבים.  מפקד הגדוד השלישי של הפלמ""ח, ידיד של ישראל בר ( לא בדעותיו, אך ביקר אותו בשאטה מתוך ידידות) מרכז מחלקת הבטחון של הקיבוץ הארצי, מזכיר בית אלפא, הרבה שנים בראש המשמר האזרחי בצפון ואח""כ חוקר וכותב בגבעת חביבה ובאפעל על כוח המגן , מלחמת השחרור, מפ""ם וכו...איש נהדר",,http://www.haaretz.co.il/magazine/obit/.premium-1.2620087,http://info.palmach.org.il/show_item.asp?levelId=38495&itemId=6316&itemType=0&fighter=73493,https://he.wikipedia.org/wiki/%D7%92%D7%93%D7%A2%D7%95%D7%9F_%D7%90%D7%99%D7%9C%D7%AA,,,יש,https://www.youtube.com/playlist?list=PL8PsmAjtLl4xhvjhtnlexFAbza92ust9a
רפי,איתן,Rafi,Eitan,M389,זכר,"פלמ""ח",,,,10,1066,עברית,"חומרים נוספים - תקצירי הראיון השני והשלישי, חומרים נוספים בקלסר - תקציר הראיון הרביעי. יה לוחם ואיש קהילת המודיעין הישראלית ששירת בשירות הביטחון הכללי ובמוסד למודיעין ולתפקידים מיוחדים, ולאחר מכן איש עסקים ויושב ראש מפלגת גיל בכנסת השבע עשרה. כיהן כשר לענייני גמלאים ולענייני ירושלים וכיושב ראש המועצה הלאומית המייעצת להשבת זכויות ורכוש יהודי במשרד ראש הממשלה, יושב ראש מפלגת הגמלאים ""דור"". איתן נודע בהיותו אחד ממפקדי מבצע לכידת אדולף אייכמן בארגנטינה והבאתו למשפט בישראל.",,,https://he.wikipedia.org/wiki/%D7%A8%D7%A4%D7%99_%D7%90%D7%99%D7%AA%D7%9F,http://www.palmach.org.il/veterans/veteranpage/?itemId=71894,,,"יש לראיון השני, השלישי והרביעי",https://www.youtube.com/playlist?list=PL8PsmAjtLl4yueYRmBZrqumVwuCiB-U-z
עזריה,אלון,Azaria,Alon,M613,זכר,המחנות העולים,,,,7,883,עברית,"חומרים נוספים - תקצירי ראיונות, ממייסדי החברה להגנת הטבע שפעל רבות לתיעוד טבע הארץ, שמירתו והפצת מורשתו, חתן פרס ישראל על מפעל חיים לשנת תשע""ב (2012).

",כן,,http://cms.education.gov.il/EducationCMS/Units/PrasIsrael/MekableyPrasTashab/AzaryaAlon/CV.htm,https://he.wikipedia.org/wiki/%D7%A2%D7%96%D7%A8%D7%99%D7%94_%D7%90%D7%9C%D7%95%D7%9F,,,יש,https://www.youtube.com/playlist?list=PL8PsmAjtLl4xS2owgBNkv-fYrU9NgCUJA
יוסף,אלמוג,Yosef,Almog,M496,זכר,"פלמ""ח, פלי""ם",,פלי״ם,,3,525,עברית,חומרים נוספים בקלסר - תקציר הראיון הראשון,,,https://he.wikipedia.org/wiki/%D7%99%D7%95%D7%A1%D7%A3_%D7%90%D7%9C%D7%9E%D7%95%D7%92,http://www.palmach.org.il/memorial/fighterpage/?itemId=74110,,,יש רק לראיון הראשון,https://www.youtube.com/playlist?list=PL8PsmAjtLl4zCN3qgIHNu91JJL_uZ6_j2
מנחם,אמיר,Menachem,Amir,M669,זכר,"הגנה, פלמ""ח",המחנות העולים,,,2,223,עברית,"חומרים נוספים - יש תמונות סטילס. פרופסור חתן פרס ישראל, גויס ב- 1948, שרת בפלמ""ח, ב-הגדוד השלישי, ב-פל' ג', ב-חטיבת יפתח, תפקיד אחרון: חבלן בהכשרת חולתה (1948) – המחנות העולים שוחרר ב- 1949, ""מנדלה"". פרופסור לקרמינולוגיה.",כן,http://www.haaretz.co.il/magazine/obit/.premium-1.2646992,https://he.wikipedia.org/wiki/%D7%9E%D7%A0%D7%97%D7%9D_%D7%90%D7%9E%D7%99%D7%A8,http://cms.education.gov.il/EducationCMS/Units/PrasIsrael/Tashsag/MenahemAmir/KorotHaimMenahemAmir.htm,,,אין,https://www.youtube.com/playlist?list=PL8PsmAjtLl4yXWb77FUJuCzE8TlNemmfn
אליעזר,אמיתי,Eliezer,Amitay,M614,זכר,"פלמ""ח",,,,3,390,עברית,"אל""מ במיל'",,,https://he.wikipedia.org/wiki/%D7%90%D7%9C%D7%99%D7%A2%D7%96%D7%A8_%D7%90%D7%9E%D7%99%D7%AA%D7%99,,,,אין,https://www.youtube.com/playlist?list=PL8PsmAjtLl4z2s8Fi50lKp0JveNz-iDmL
אהוד,אפרת,Ehud,Efrat,M598,זכר,הגנה,,,,2,273,עברית,"חומרים נוספים בקלסר - תמונות סרוקות כמסמכי PDF, בראיון השני של אהוד אפרת מה-20.6.2011 אסור להשתמש בחומרים מהקובץ 00 מהדקה 23:20 עד דקה 28:10, יש קובץ AVI בתיקיה ערוך אחרי הוצאת החלק שאסור להשתמש בו. תא״ל",,,,,,,אין,https://www.youtube.com/playlist?list=PL8PsmAjtLl4ynqpcdlVitXLmDjUooBFsN
שלמה,אראל,Shlomo,Erel,M136,זכר,"בית""ר","אלוף במיל', מפקד חיל הים",אלוף מפקד חיל הים,"Admiral, Commander of Navy in Six Day War",3,580,עברית,"M136A - בית ספר ימי איטליה, מפקד חיל הים, M136B- 'אלוף במיל, M136E- סיפור הביקור ב1951 של 3 ספינות בארה""ב בווד, M136J - מלחמת ששת הימים",,,https://he.wikipedia.org/wiki/%D7%A9%D7%9C%D7%9E%D7%94_%D7%90%D7%A8%D7%90%D7%9C,,"אלוף, מפקד חיל הים",,אין,https://youtube.com/playlist?list=PL8PsmAjtLl4wqi_EM0uWEsmkZOnYyFMRI
זיוה,ארבל,Ziva,Arbel,M79,נקבה,"פלמ""ח",,,Palmach (subject of famous song),1,92,עברית,"M79A - חבל שאינני כד, M79B - בקלטת זו גם תחילת הראיון עם איתמר ארבל, נודעה בתור ""הנערה עם האקדח"" ו""החיילת השותה מהכד"" והייתה סמל לנשים הלוחמות במלחמת העצמאות.",,,https://he.wikipedia.org/wiki/%D7%96%D7%99%D7%95%D7%94_%D7%90%D7%A8%D7%91%D7%9C,http://www.haaretz.co.il/news/education/1.1898514,,,אין,https://youtu.be/N-O46IxWBSA
יצחק,ארד,Yitzchak,Arad,M241,זכר,"פלמ""ח",,,,1,167,עברית,"פלמ""ח, ירושלים, פרטיזנים, יד ושם, כינוי: טולקה. תא״ל",,,https://he.wikipedia.org/wiki/%D7%99%D7%A6%D7%97%D7%A7_%D7%90%D7%A8%D7%93,http://www.yadvashem.org/yv/he/exhibitions/survivors/arad.asp,,,אין,https://youtu.be/OcuNnXA5sLs
ג'יזל,ארזי,Gisele,Arazi,M692,נקבה,,,,,1,176,עברית,"חומרים נוספים - תמונות סטילס, צילומים ממצלמה שניה",,,,,,,אין,https://youtu.be/W3Vp51KJW8c
נמרוד,אשל,Nimrod,Eshel,M257,זכר,"פלמ""ח","פלי""ם",פלי״ם,,1,107,עברית,"חומרים נוספים בקלסר - יש גם רישומים של מרגלית נירנברג, אהוביה מלכין ומרים תעסה גלזר, מראשי מרד הימאים",,http://www.haaretz.co.il/news/education/.premium-1.2733207,https://he.wikipedia.org/wiki/%D7%A0%D7%9E%D7%A8%D7%95%D7%93_%D7%90%D7%A9%D7%9C,,,,יש כמה נקודות,https://youtu.be/Xg01AN5pFrc
תמר,אשל,Tamar,Eshel,M104,נקבה,"הגנה, פלמ""ח",מודיעין בריטי,,"Worked in Cairo branch of British CID (Scotland Yard), Palmach Sea Force, Former MK",2,343,עברית,"קלטות C-D עם דרופים השתמשתי בMPEG שלהן. חברת כנסת, נערך סרטון בערוץ ההיסטוריה ליום העצמאות, M104A - נופי ירושלים, M104E - שליחות באו""ם. הייתה דיפלומטית, נציגת ישראל באו""ם, חברת הכנסת (מטעם ""המערך""), חברת מועצת העיר ירושלים וסגנית ראש העירייה, מזכ""לית נעמת, ופעילה למען זכויות האדם וקידום מעמד אישה.

",,,https://he.wikipedia.org/wiki/%D7%AA%D7%9E%D7%A8_%D7%90%D7%A9%D7%9C,https://palmach.org.il/veterans/veteranpage/?itemId=73395,,,אין,https://youtube.com/playlist?list=PL8PsmAjtLl4xCqrNW8NVz2izp2Vik4ohB
אברהם,בוצר,Avraham,Botzer,M618,זכר,"פלי""ם","אלוף בדימוס, מפקד חיל הים",אלוף מפקד חיל הים,,2,271,עברית,"כינוי: ""צ'יטה"", אלוף בדימוס, מח""י, איש פלי""ם, מפקד חיל הים, קטע מהראיון שלו באינטרנט: http://www.youtube.com/watch?v=Wr1hgvjpFAs&feature=plcp",,,https://he.wikipedia.org/wiki/%D7%90%D7%91%D7%A8%D7%94%D7%9D_%D7%91%D7%95%D7%A6%D7%A8,http://www.haaretz.co.il/news/politics/1.1722332,,,אין,https://www.youtube.com/playlist?list=PL8PsmAjtLl4xNrfMsVnRD2ytcur216K-9
מרדכי,ביבי,Mordechai,Bibi,M1030,זכר,,,,,6,798,עברית,חומרים נוספים - יש תמונות סטילס. איש ציבור ישראלי שכיהן כחבר הכנסת בשנים 1959-1973.,,,https://he.wikipedia.org/wiki/%D7%9E%D7%A8%D7%93%D7%9B%D7%99_%D7%91%D7%99%D7%91%D7%99,,,,"יש לראיונות 3,5,6",https://www.youtube.com/playlist?list=PL8PsmAjtLl4xwLLUopA-O7TLgF3CE8JFp
שאול,ביבר,Shaul,Biber,M570,זכר,"ש""י, הגנה, פלמ""ח","פלי""ם","פלי""ם",,2,211,עברית,"העפלה, קרבות מלחמת העצמאות. 'אבי הלהקות הצבאיות'. בוגר בית הספר כדורי",,,https://he.wikipedia.org/wiki/%D7%A9%D7%90%D7%95%D7%9C_%D7%91%D7%99%D7%91%D7%A8,,,,אין,https://youtube.com/playlist?list=PL8PsmAjtLl4xciCpCxLovdi2VRsxFYI4E
אוריאל,בכרך,Uriel,Bachrach,M99,זכר,"חמ""ד",משטרת הישובים העבריים,,Science Corps,1,115,עברית,"M99A - חמ""ד, מראשוני חיל מדע. פרופסור",,,http://www.nrg.co.il/online/54/ART2/237/807.html,http://www.haaretz.co.il/gallery/1.1173244,,,אין,https://youtu.be/m3FtVxcRGNE
יהושע,בן אריה,Joshua,Ben Aryeh,M670,זכר,,,,,1,125,עברית,"חומרים נוספים - יש קובץ mp4. הוא פרופסור לגאוגרפיה באוניברסיטה העברית ורקטור האוניברסיטה לשעבר. בן אריה הוא מגדולי חוקריה של ירושלים וארץ ישראל, חתן פרס ביאליק ופרס ישראל בתחום חקר ארץ ישראל לשנת תשנ""ט.",כן,,https://he.wikipedia.org/wiki/%D7%99%D7%94%D7%95%D7%A9%D7%A2_%D7%91%D7%9F_%D7%90%D7%A8%D7%99%D7%94,,,,אין,https://youtu.be/IzQ-MERgVKY
מוריס,בן דרור,Moris,Ben Dror,M343,זכר,"פלמ""ח",,,,3,517,עברית,מוריס - משה,,,http://www.palmach.org.il/veterans/veteranpage/?itemId=73651,,,,אין,https://www.youtube.com/playlist?list=PL8PsmAjtLl4wBxCPYKopiaYj--pG6-y7W
גדעון,בן ישראל,Gidon,Ben Israel,M836,זכר,"הגנה, בבריגדה היהודית",,,,2,168,עברית,"חומרים וספים - פרטי מרואיין. היה עורך דין, חבר הכנסת הרביעית והחמישית ופעיל במוסדות ההסתדרות.",,,https://he.wikipedia.org/wiki/%D7%92%D7%93%D7%A2%D7%95%D7%9F_%D7%91%D7%9F-%D7%99%D7%A9%D7%A8%D7%90%D7%9C,,,,יש,https://www.youtube.com/playlist?list=PL8PsmAjtLl4wguHJXnAuByLNovwSKcKZU
אשר (ארתור),בן נתן,Arthur,Ben Natan,M122,זכר,עליה ב׳,,,"Helped coordinate Bricha, 1st Ambassador to Germany",3,297,עברית,"איש ארגון המוסד לעלייה ב'. M122B - עד לגיוס ועליה ב' 1942, M122C - דיפלומט, חיים פזנר - האיש שידע, 1946 - הועדה האנגלו אמריקנית ,M122E - בסוף קלטת יש את תחילת הראיון של קלטת - M122D, M122D -מוזכר כ""ט בנובמבר בדקה 00:47:44:00 בערך, M122E - מוזכר כ""ט בנובמבר - בדקה 00:00:07:15 בערך. קלטת D עד דקה 39 זה ראיון שני ומדקה 39 זה ראיון שלישי",,,https://he.wikipedia.org/wiki/%D7%90%D7%A9%D7%A8_%D7%91%D7%9F_%D7%A0%D7%AA%D7%9F,http://www.haaretz.co.il/news/politics/1.2351084,,,אין,https://www.youtube.com/playlist?list=PL8PsmAjtLl4ytx4JQISFBWwOj9Oc76tYU
מרדכי,בן פורת,Mordechai,Ben Porat,M284,זכר,,"שר לשעבר, חבר כנסת, חתן פרס ישראל. חבר במחתרת הציונית בעירק. מקים מוזיאון מורשת יהדות בבל באור יהודה.",,,2,166,עברית,"קלטת B מפוצלת לשניים, יוצא עירק, שר לשעבר, סיפר על תנועת החלוץ הציונית שפעלה בעיראק בתנאי מחתרת עלה ארצה בעקבות משפחתו עם סיום לימודיו, סיים את קורס הקצינים הראשון בצה""ל - השתתף במלחמת השחרור במערכות לטרון לוד ורמלה, בשנת 1949 נשלח לארגן עליית יהודים מעיראק במבצע שנקרא ""עזרא ונחמיה"", כיהן כראש מועצת אור יהודה בשנים 1955 -1969, היה חבר כנסת ברשימת ""רפי"", חתן פרס ישראל , חומרים נוספים בקלסר - תקציר מספר נקודות מהראיון",כן,,https://he.wikipedia.org/wiki/%D7%9E%D7%A8%D7%93%D7%9B%D7%99_%D7%91%D7%9F-%D7%A4%D7%95%D7%A8%D7%AA,http://cms.education.gov.il/EducationCMS/Units/PrasIsrael/Tashsa/MordechaiBenPorat/,,,יש כמה נקודות מהראיון,https://www.youtube.com/playlist?list=PL8PsmAjtLl4w97o49XG3FTg-qgV25NL5l
מרדכי,בן פורת,Mordechai,Ben Porat,M258,זכר,"פלמ""ח","תא""ל",,,2,219,עברית,"תא""ל, מח""ט יום כיפור, יש חומרים נוספים בקלסר - תקציר מספר נקודות מהראיון",,,https://he.wikipedia.org/wiki/%D7%9E%D7%95%D7%98%D7%A7%D7%94_%D7%91%D7%9F_%D7%A4%D7%95%D7%A8%D7%AA,http://info.palmach.org.il/show_item.asp?levelId=38495&itemId=6316&itemType=0&fighter=74628,,,יש כמה נקודות מהראיון,https://youtube.com/playlist?list=PL8PsmAjtLl4zdXj7TIhIym_jJZLXQX6Pt
מרים,בן פרץ,Miriam,Ben Peretz,M100,נקבה,הגנה,,,Israel Prize laureate in education - 1st husband was one of “lamed-hey”,1,116,עברית,"על הקלטות רשום תאריך 11.1.08, פרופסור לחינוך ונשיאה לשעבר של מכללת תל-חי. כלת פרס ישראל לחקר החינוך לשנת 2006.",כן,https://www.haaretz.co.il/magazine/obit/1.9018236,http://cms.education.gov.il/EducationCMS/Units/PrasIsrael/Tashsav/MiriamBenPeretz/KorotHaimBenPeretz.htm,https://he.wikipedia.org/wiki/%D7%9E%D7%A8%D7%99%D7%9D_%D7%91%D7%9F-%D7%A4%D7%A8%D7%A5,,,אין,https://youtu.be/hpaZV1kCO5c
עמרם,בן צבי,Amram,Ben Zvi,M875,זכר,,,,,1,107,עברית,,,,,,,,אין,https://youtu.be/uREcvnt4b_I
אמנון,בר גיורא,Amnon,Bar Giora,M786,זכר,"פלמ״ח, פלי״ם",הגנה,פלי״ם,,2,308,עברית,"חומרים נוספים – תקציר שני הראיונות. בחודש יולי 1944 התגייס לפלמ""ח לפלוגה ב' בגדוד השלישי. היה קשר במחוז ירושלים, מדריך אלחוט וקצין קשר בגדוד השלישי ובחטיבת ""יפתח"". השתתף בכבוש הגליל ובכיבוש העיר צפת והיה גדעוני בפלי""ם.
בצה""ל היה קצין קשר בחטיבת עודד, מחוז התיכון חזית ב'. 
בצה""ל: קצין קשר במילואים במבצע קדש לתפקידים מיוחדים. קצין קשר במלחמת ששת הימים לתפקידים מיוחדים.
פעילות אזרחית: היה קצין קשר של מחוז ירושלים במשטרת ישראל והקים את יחידת ההאזנה האלחוטית. הקים את מפעל ""קרן אלקטרוניקה"" באשקלון. עבד ב""מוסד"" עד שנת 1974 והשתתף במבצע לתפיסת אייכמן. הקים תחנת אינטרפול של משטרת ישראל. ",,https://www.haaretz.co.il/magazine/obit/1.3169630,http://www.pmemorials.com/m/%D7%91%D7%A8_%D7%92%D7%99%D7%95%D7%A8%D7%90_%D7%90%D7%9E%D7%A0%D7%95%D7%9F,,,,יש,https://www.youtube.com/playlist?list=PL8PsmAjtLl4wFw9XBxIiR22jZD5Mwgguo
מרדכי,בר-און,Mordechai,Bar-On,M477,זכר,הגנה,"משטרת היישובים העבריים, השומר הצעיר",,,6,976,עברית,"חומרים נוספים בקלסר, מפקד המשמר הנע של ראשון לציון. בוגר קורס המ""מים האחרון של ההגנה. כינוי: מורלה. תא״ל. היסטוריון ישראלי. שימש ראש לשכת הרמטכ""ל משה דיין ולאחר מכן קצין החינוך הראשי, חבר הכנסת מטעם מפלגת ר""ץ ופעיל שמאל.

",,,https://he.wikipedia.org/wiki/%D7%9E%D7%A8%D7%93%D7%9B%D7%99_%D7%91%D7%A8-%D7%90%D7%95%D7%9F,,,"מבצע יואב, כיס פלוג'ה, קרב רמת הכובש",אין,https://www.youtube.com/playlist?list=PL8PsmAjtLl4zwIKeAM5eT17mv1_pJTABH
יחזקאל,בראון,Yehezkel,Braun,M338,זכר,הגנה,הבריגדה היהודית,,,1,187,עברית,"חומרים נוספים בקלסר - יש כמה נקודות מהראיון, מלחין ישראלי, פרופסור מן המניין בבית הספר למוזיקה ע""ש בוכמן-מהטה של אוניברסיטת תל אביב. חתן פרס ישראל למוזיקה (תשס""א). אח של מורל'ה בראון",כן,,http://cms.education.gov.il/EducationCMS/Units/PrasIsrael/Tashsa/YechezkelBrown/,https://he.wikipedia.org/wiki/%D7%99%D7%97%D7%96%D7%A7%D7%90%D7%9C_%D7%91%D7%A8%D7%90%D7%95%D7%9F,,,יש כמה נקודות מהראיון,https://youtu.be/olXAAiw29pA
חיה,בראלי,Chaya,Bareli,M94,נקבה,,,,Grandchild of 19th century immigrants to Gedera (BILU),1,69,עברית,"M94A - בת גדרה, נכדה לבילויים",,,,,,,אין,https://youtu.be/63BJWj8zg-M
שרה,ברוורמן שפכנר,Sarah,Braverman Spechner,M328,נקבה,"פלמ""ח",,,,2,299,עברית,"על הצנחנים, חביבה רייך וחנה סנש על עצמה- כצנחנית שלא צנחה אך בכל זאת פעלה ברומניה ב-1944, היתה קצינת ח""ן ראשונה ב-1948 ואח""כ אישיות מרכזית ופעילה בשמיר ובקבוץ הארצי.",,,https://he.wikipedia.org/wiki/%D7%A9%D7%A8%D7%94_%D7%91%D7%A8%D7%95%D7%95%D7%A8%D7%9E%D7%9F,,,,אין,https://www.youtube.com/playlist?list=PL8PsmAjtLl4wZ360v49KlXrG1dqJ2B-1g
יצחק,ברמן,Yitzchak,Berman,M110,זכר,"אצ""ל","יו""ר הכנסת",,"Etzel, Coordinated activities with British during WWII, Former Government Minister",1,142,עברית,"M110A - שליחות בטורקיה, M110B - יושב ראש הכנסת",,,https://he.wikipedia.org/wiki/%D7%99%D7%A6%D7%97%D7%A7_%D7%91%D7%A8%D7%9E%D7%9F,https://m.knesset.gov.il/mk/Pages/MKPersonalDetails.aspx?MKID=317,,,אין,https://youtu.be/JTOAvK-AE7Q
ישעיהו,גביש,Yeshayahu,Gavish,M315,זכר,"פלמ""ח",,,,2,167,עברית,"מצלמה של פלג קבצים- HD, אלוף במיל",,,https://he.wikipedia.org/wiki/%D7%99%D7%A9%D7%A2%D7%99%D7%94%D7%95_%D7%92%D7%91%D7%99%D7%A9,http://www.palmach.org.il/veterans/veteranpage/?itemId=75019,,,אין,https://www.youtube.com/playlist?list=PL8PsmAjtLl4yXjulCqYjkwg-_c7yZS6-7
יוסף,גבע,Yosef,Geva,M400,זכר,"הגנה, נוטרים",אלוף במיל',,,2,192,עברית,"אלוף במיל', חומרים נוספים - תקציר ראיון 28.9 +21.9. בוגר בית הספר החקלאי מקווה ישראל. גבע הצטרף להגנה בשנת 1941, בזמן לימודיו במקווה ישראל, ושירת בה עד קום המדינה בשנת 1948. עם פרוץ מלחמת העצמאות היה מפקד פלוגה בגדוד 53 של חטיבת גבעתי, ולאחר מכן מפקד שועלי שמשון[2].

לאחר קום המדינה מילא תפקידים מגוונים בצה""ל, ובהם מפקד גדוד 52, מפקד חטיבת גבעתי, קצין אג""ם של פיקוד המרכז, ראש מינהל הסגל, מפקד חטיבה 8 במלחמת סיני, ראש מחלקת ההדרכה (מה""ד) באגף המטה הכללי בשנים 1958-1960, ומפקד פיקוד המרכז בשנים 1960-1966. בשנים 1966 עד 1968 ובמהלך מלחמת ששת הימים שירת כנספח צבאי בארצות הברית וקנדה. השתחרר משירות קבע בצה""ל בדרגת אלוף ב-1969.

שירת במסגרת שירות המילואים בתפקידים שונים עד 2007. שימש כמבקר מערכת הביטחון במשרד מבקר המדינה. היה יו""ר הוועדה המנהלת של הרשות לפיתוח אמצעי לחימה (רפא""ל) בשנים 1985-1992.",,,https://he.wikipedia.org/wiki/%D7%99%D7%95%D7%A1%D7%A3_%D7%92%D7%91%D7%A2,http://www.haaretz.co.il/1.2247093,,,יש,https://www.youtube.com/playlist?list=PL8PsmAjtLl4wWw5Qe7tquQqTLzuTsxwC-
שאול,גבעולי,Shaul,Givoli,M337,זכר,"הגנה, פלמ""ח",אלוף במיל',,,3,397,עברית,"ראיון ראשון צולם בHDV ראיון שני צולם בHD, ראיון שלישי בHDV, חומרים נוספים בקלסר - תקציר כמה נקודות מהראיון השני",,,https://he.wikipedia.org/wiki/%D7%A9%D7%90%D7%95%D7%9C_%D7%92%D7%91%D7%A2%D7%95%D7%9C%D7%99,http://www.palmach.org.il/memorial/fighterpage/?itemId=75025,,,יש כמה נקודות מהראיון השני,https://www.youtube.com/playlist?list=PL8PsmAjtLl4x3PBw7w4jSLRXXV_8Ad2kc
חיים,גורי,Haim,Gouri,M1019,זכר,"פלמ""ח",המחנות העולים,,,5,511,עברית,"הוא משורר, סופר, פזמונאי, עיתונאי ויוצר קולנוע ישראלי. חתן פרס ביאליק לספרות לשנת 1975, חתן פרס ישראל לשירה לשנת 1988, חתן פרס סוקולוב וחתן פרס ניומן. בוגר בית הספר כדורי. אשתו עליזה גורי גם התראיינה לתולדות ישראל",כן,,https://he.wikipedia.org/wiki/%D7%97%D7%99%D7%99%D7%9D_%D7%92%D7%95%D7%A8%D7%99,https://library.osu.edu/projects/hebrew-lexicon/00108.php,,,יש לראיון השני והשלישי,https://www.youtube.com/playlist?list=PL8PsmAjtLl4ySSWwrSTM1r9H0EL7aUcwb
שלמה,גזית,Shlomo,Gazit,M508,זכר,"הגנה, פלמ""ח",,,,5,524,עברית,חומרים נוספים בקלסר - תקצירי הראיונות,,,https://he.wikipedia.org/wiki/%D7%A9%D7%9C%D7%9E%D7%94_%D7%92%D7%96%D7%99%D7%AA,,,,יש,https://www.youtube.com/playlist?list=PL8PsmAjtLl4w5g-tCKNfn5UdOxfZCpBPS
מרדכי,גיחון,Mordechai,Gichon,M331,זכר,בריגדה,,,,3,534,עברית,"קבצי HDV+קלטות HDV, צילום שלישי קבצי HD מצלמה של פלג, חומרים נוספים בקלסר - תקציר מספר נקודות מהראיון השני, תמונות, קצין מודיעין בבריגדה. נציג 'המרכז לגולה' בהולנד. במהלך מלחמת העצמאות הקים את המודייען הקריבי בחט' עציוני וחטיבת מחוז ירושלים. ממייסדי אגף המודיעין בצה""ל. פרופ' להסטוריה צבאית ולארכיאולוגיה.",,,https://he.wikipedia.org/wiki/%D7%9E%D7%A8%D7%93%D7%9B%D7%99_%D7%92%D7%99%D7%97%D7%95%D7%9F,http://milestones.kinneret.ac.il/he/%D7%9E%D7%A8%D7%93%D7%9B%D7%99-%D7%92%D7%99%D7%97%D7%95%D7%9F/,,,יש כמה נקודות מהראיון השני,https://www.youtube.com/playlist?list=PL8PsmAjtLl4zkhw34pLoPTuGGr5-j6q9r
שרגא,גפני,Shraga,Gafni,M112,זכר,"לח""י, אצ""ל",,,Canaanite - Author of children's books,1,210,עברית,"M112B - רמת אביב, גבעה 69, מחלקה ו' לח""י, M112C - דנידין, אח של יהודה גפני",,,https://he.wikipedia.org/wiki/%D7%A9%D7%A8%D7%92%D7%90_%D7%92%D7%A4%D7%A0%D7%99,https://library.osu.edu/projects/hebrew-lexicon/01352.php,,,אין,https://youtu.be/qbrsWr5RD4E
בנימין,גפנר,Binyamin,Gepner,M118,זכר,"אצ""ל, לח""י","בית""ר, צבא הבריטי",,"Decorated British soldier, WWII coordinated Lehi activities, USA",1,206,עברית,"נערך סרטון בערוץ ההיסטוריה ליום העצמאות, M118D - בת ים, יום הבחירות,     http://museum-lehi.blogspot.co.il/2013/09/blog-post.html",,,https://he.wikipedia.org/wiki/%D7%91%D7%A0%D7%99%D7%9E%D7%99%D7%9F_%D7%92%D7%A4%D7%A0%D7%A8,http://he.danielventura.wikia.com/wiki/%D7%91%D7%9C%D7%91_%D7%94%D7%95%D7%9E%D7%94_%D7%91%D7%A8%D7%95%D7%97_%D7%A9%D7%9C%D7%95%D7%A4%D7%94_%D7%A1%D7%A4%D7%A8%D7%95_%D7%A9%D7%9C_%D7%91%D7%A0%D7%99%D7%9E%D7%99%D7%9F_%D7%92%D7%A4%D7%A0%D7%A8,,,אין,https://youtu.be/-7Mom7bhzaU
שושנה,גרדוש,Shoshana,Gardosh,M816,נקבה,"לח""י",,,,1,100,עברית,"חומרים נוספים – תקציר ראיון, תמונות סטילס. רואיינה בעבר ליד ושם. אשתו של קריאל גרדוש (דוש) הקריקטוריסט.",,https://www.haaretz.co.il/magazine/obit/1.6012998,https://lehi.org.il/?p=4986,,,,יש,https://youtu.be/12jqG2URlVw
ישראל,גרנית,Israel,Granit,M349,זכר,"הגנה, פלמ""ח",,,,3,492,עברית,"על שמו נקרא כח גרנית במלחמת יוה""כ. מדבר על כ""ט בנובמבר - חומר יום צילום ראשון, קובץ מס' 00-0002-2010-08-08-153157, דקה - 00:49:56:12 בערך. תא״ל",,,https://he.wikipedia.org/wiki/%D7%99%D7%A9%D7%A8%D7%90%D7%9C_%D7%92%D7%A8%D7%A0%D7%99%D7%AA,http://www.palmach.org.il/memorial/fighterpage/?itemId=74926,,,אין,https://www.youtube.com/playlist?list=PL8PsmAjtLl4x9qBeNgNY9utzysqHwkP6_
אהרון,דורון,Aharon,Doron,M145,זכר,הגנה,,,"Major General, Haganah",1,204,עברית,"אלוף במיל', http://www.irgun-jeckes.org/?CategoryID=325&ArticleID=1112",,,https://he.wikipedia.org/wiki/%D7%90%D7%94%D7%A8%D7%95%D7%9F_%D7%93%D7%95%D7%A8%D7%95%D7%9F,http://www.nahal.co.il/Web/Battles/Commanders/179.aspx,,,אין,https://youtu.be/NxK5esqCMg8
יהונתן,דותן,Jonathan,Dotan,M249,זכר,"פלמ""ח",המחנות העולים,,,5,847,עברית,"קלטת J מפוצלת לשני חלקים, חומרים נוספים בקלסר - מספר נקודות מהראיונות, הראיון השני מתחיל בקלטת M249D בנקודה: 00:13:55 בערך, הראיון החמישי מתחיל בקלטת M249N ב18:51 בערך",,http://www.haaretz.co.il/magazine/obit/.premium-1.2373669,https://he.wikipedia.org/wiki/%D7%99%D7%94%D7%95%D7%A0%D7%AA%D7%9F_%D7%93%D7%95%D7%AA%D7%9F,http://www.nahal.co.il/Web/Battles/Commanders/184.aspx,,,יש כמה נקודות מהראיון,https://youtube.com/playlist?list=PL8PsmAjtLl4zC2I7MyAHOLiSEvBMYqcZX
דוד,דנון,David,Danon,M571,זכר,"אצ""ל",פרופסור,,,2,232,עברית,"חומרים נוספים בקלסר - תקצירי ראיונות, פרופסור",,http://www.haaretz.co.il/magazine/obit/.premium-1.2780090,https://he.wikipedia.org/wiki/%D7%93%D7%95%D7%93_%D7%93%D7%A0%D7%95%D7%9F,,,,יש,https://www.youtube.com/playlist?list=PL8PsmAjtLl4xhZ0yo7364Zwvcsz67pSiu
איזה,דפני שדה,Iza,Dafni Sadeh,M380,נקבה,"פלמ""ח",,,,2,220,עברית,"חומרים נוספים - תמונות ומסמכים, הבת של יצחק שדה",,http://www.haaretz.co.il/magazine/obit/.premium-1.2737574,http://www.palmach.org.il/memorial/fighterpage/?itemId=73553,,,,אין,https://www.youtube.com/playlist?list=PL8PsmAjtLl4xJxWrRCGnrEPsARm2lYwJ5
אברהם,דר,Avraham,Dar,M548,זכר,"פלמ""ח, פלי""ם",מוסד,"פלי""ם",,4,580,עברית,"חומרים נוספים בקלסר - תקצירי ראיונות ראשון, שני, שלישי, היה במוסד, יש תמונות סטילס של הראיון הראשון. שירת במודיעין 10 (מתוך רשימה של דני מרום), היה גם מעורב בחיסול.",,,https://he.wikipedia.org/wiki/%D7%90%D7%91%D7%A8%D7%94%D7%9D_%D7%93%D7%A8,"https://www.ynet.co.il/articles/0,7340,L-5635717,00.html",,,"יש רק לראיון הראשון, השני והשלישי",https://www.youtube.com/playlist?list=PL8PsmAjtLl4xn5X8StelLxD4h-w3YB79N
שלמה,הלל,Shlomo,Hillel,M323,זכר,הגנה,"שר הפנים, שר המשטרה, יו""ר הכנסת, הצופים",,,2,296,עברית,"למד בגימנסיה הרצליה- חניך תנועת הצופים א שהוקמה בגימנסיה, סיפורו עוסק בעיקר בתקופה שבה פעל כשליח ""המוסד לעליה ב"" בארגון תנועה מחתרתית לעליה, ב- 1947 עמד בראש פעולה נועזת שנקראה בשם ""מבצע מייקלברג""- הבאת המטוס הראשון בתולדות עליה ב, ב-1950 ניהל משא ומתן עם ראש ממשלת עיראק תופיק אל סווידי להכנת מבצע עזרא ונחמיה -הרכבת האווירית הגדולה בהיסטוריה. כיהן כשר הפנים, שר המשטרה, יו""ר הכנסת, הראיון הראשון צולם בפורמט HD בכרטיסי זיכרון, והראיון השני צולם בקלטות miniDV - M323A, M323B - חומרים נוספים בקלסר, מכון איילון והעפלה מארצות המזרח. איש ציבור ישראלי, שכיהן כחבר הכנסת (הכנסות ה-2–3 וה-7–12) מטעם מפא""י (וגלגוליה המערך והעבודה), כיושב ראש הכנסת האחת עשרה ושר הפנים והמשטרה בממשלת ישראל. חתן פרס ישראל על תרומה מיוחדת לחברה ולמדינה לשנת תשנ""ח.",כן,https://he.wikipedia.org/wiki/%D7%A9%D7%9C%D7%9E%D7%94_%D7%94%D7%9C%D7%9C,http://israventure.cet.ac.il/pages/pdf/he/unit2/card2.pdf,,,,אין,https://www.youtube.com/playlist?list=PL8PsmAjtLl4z5yav6eqgkAO4wPko89hCN
אשר,הלפרין,Asher,Halperin,M510,זכר,,,,,2,297,עברית,"ד""ר אשר הלפרין, ד""ר לכלכלה, חומרים נוספים - תמונות ותקצירי ראיונות",,http://www.haaretz.co.il/magazine/obit/.premium-1.2569921,https://he.wikipedia.org/wiki/%D7%90%D7%A9%D7%A8_%D7%94%D7%9C%D7%A4%D7%A8%D7%99%D7%9F,,,,יש,https://www.youtube.com/playlist?list=PL8PsmAjtLl4xn4d0s23M15EwehvPTtwka
מנשה,הראל,Menashe,Harel,M185,זכר,"פלמ""ח","מסתערבים, מחתרת בסוריה, המחנות העולים",,,2,322,עברית,"חומרים נוספים בקלסר - תקציר מספר נקודות מהראיון, תמונה. ראיון ראשון קלטות A עד אמצע C, ראיון שני מאמצע קלטת C עד F. נערך סרטון בערוץ ההיסטוריה ליום העצמאות, M185B - פלמ""ח, מראשוני מעוז חיים. עסק בהברחת עולים. שירת בגד' 13 של גולני. מראשוני הנח""ל - מפקד בית הספר למפקדי סיירים. פרופ' לגיאוגרפיה. חתן פרס ישראל",כן,http://www.haaretz.co.il/magazine/obit/1.2262386,https://he.wikipedia.org/wiki/%D7%9E%D7%A0%D7%A9%D7%94_%D7%94%D7%A8%D7%90%D7%9C,http://cms.education.gov.il/EducationCMS/Units/PrasIsrael/Tashsab/MenasheHarel/KorotHaimPropesorMenasheHarel.htm,,,יש כמה נקודות מהראיון,https://www.youtube.com/playlist?list=PL8PsmAjtLl4wK8U9zlZB0UswXn8BLq7tT
אסתר,הרליץ,Esther,Herlitz,M674,נקבה,צבא הבריטי,,,,6,606,עברית,"חומרים נוספים - קבצי mp4 לראיונות 1,2,3. אשת ציבור ודיפלומטית ישראלית. כלת פרס ישראל למפעל חיים לשנת ה'תשע""ה. כיהנה בין כלל תפקידיה כחברת מועצת העיר תל אביב-יפו, כקונסול בניו יורק (1954–1958), כשגרירת ישראל בדנמרק (1966–1971; האישה הראשונה בישראל ששימשה שגרירה) וכחברת כנסת מטעם סיעת המערך (1974–1977, 1979–1981).",כן,,https://he.wikipedia.org/wiki/%D7%90%D7%A1%D7%AA%D7%A8_%D7%94%D7%A8%D7%9C%D7%99%D7%A5,http://cms.education.gov.il/EducationCMS/Units/PrasIsrael/winners2015/estar_herlitz/c.v_ester_heriltz.htm,,,אין,https://www.youtube.com/playlist?list=PL8PsmAjtLl4zvva_qpe9jjMn7Ns7M3IFl
שמואל,הרם,Samuel,Haram,M250,זכר,"פלמ""ח",,,,5,942,עברית,"חומרים נוספים בקלסר - תקציר כמה נקודות מהראיון השלישי והרביעי, הראיון השני מתחיל באמצע קלטת 250D, הראיון הרביעי מתחיל בקלטת 250J דקה 39.29. M250I - ברוס השוטר בפתיחה, המפקד האחרון של עטרות",,,http://info.palmach.org.il/show_item.asp?levelId=38495&itemId=6316&itemType=0&fighter=75071,,,פעולת הר אדר,יש כמה נקודות מהראיון השלישי והרביעי,https://youtube.com/playlist?list=PL8PsmAjtLl4zMaPp1RMwW3rHFFpBC5_Mg
שושנה,חבס,Shoshana,Habas,M142,נקבה,הגנה,,,Head secretary to Chiefs of Staff Yaakov Dori and Yigal Yadin,1,108,עברית,"חומרים נוספים - תמונה, נערך סרטון בערוץ ההיסטוריה ליום העצמאות, M142B - אצ""ל, תל אביב.   ראש לשכת הרמטכ""ל הראשונה",,,,,,,אין,https://youtu.be/nRX_1wJGtXs
עמוס,חורב,Amos,Horev,M264,זכר,"הגנה, פלמ""ח",גורדוניה,,,2,367,עברית,יש מסמכים נוספים בקלסר - תקציר כמה נקודות מהראיונות,,,https://he.wikipedia.org/wiki/%D7%A2%D7%9E%D7%95%D7%A1_%D7%97%D7%95%D7%A8%D7%91,http://turkel-committee.gov.il/content-42.html,,,יש כמה נקודות מהראיון,https://youtube.com/playlist?list=PL8PsmAjtLl4x1sM8tv_1g-WVBe6HJ3Ni-
גאולה,כהן,Geula,Cohen,M135,נקבה,"לח""י",,,"Lehi radio announcer, Former MK",2,152,עברית,"פוליטיקאית ישראלית, חברת הכנסת שהחלה פעולתה מטעם הליכוד ונמנתה על מייסדי תנועת התחיה. כלת פרס ישראל לשנת תשס""ג על תרומה מיוחדת לחברה ולמדינה.",כן,,https://he.wikipedia.org/wiki/%D7%92%D7%90%D7%95%D7%9C%D7%94_%D7%9B%D7%94%D7%9F,http://cms.education.gov.il/EducationCMS/Units/PrasIsrael/Tashsag/GeulaCohen/KorotHaimGeulaGohen.htm,,,אין,https://www.youtube.com/playlist?list=PL8PsmAjtLl4wVH38dAlO5om7iGRE6FvRl
משה,מושקוביץ,Moshe,Moskowitz,M721,זכר,"אצ""ל, לח""י",,,,4,554,עברית,"חומרים נוספים - קבצי mp4, כינוי: מושקו או מושקה. בוגר בית הספר החלקאי מקווה ישראל",,,https://he.wikipedia.org/wiki/%D7%9E%D7%A9%D7%94_%D7%9E%D7%95%D7%A9%D7%A7%D7%95%D7%91%D7%99%D7%A5,,,,אין,https://www.youtube.com/playlist?list=PL8PsmAjtLl4zEZ-pmi_lGZ6Hla4tA-swY
צילה,עמידרור,Tzila,Amidror,M369,נקבה,"אצ""ל",,,,3,343,עברית,"חומרים נוספים בקלסר - תקציר כמה נקודות מהראיון השני, בהארדיסק שלה יש קובץ AVI ו- MPEG4 דקות 29:26-36:03 - סיפור על נאום ששמעה של ז'בוטינסקי בארץ.",,,http://www.daat.ac.il/encyclopedia/value.asp?id1=3064,https://he.wikipedia.org/wiki/%D7%A6%D7%9C%D7%94_%D7%A2%D7%9E%D7%99%D7%93%D7%A8%D7%95%D7%A8,,,יש כמה נקודות מהראיון,https://www.youtube.com/playlist?list=PL8PsmAjtLl4yfG0_sbclvPgMMQ1umxNLA
אברהם,עקביה,Avraham,Akavia,M274,זכר,פלגות הלילה של וינגייט,הגנה,,,1,139,עברית,,,http://www.haaretz.co.il/magazine/obit/.premium-1.2516199,https://he.wikipedia.org/wiki/%D7%90%D7%91%D7%A8%D7%94%D7%9D_%D7%A2%D7%A7%D7%91%D7%99%D7%94,,,,אין,https://youtu.be/yCz_F0JiooE
יחיאל,קדישאי,Yechiel,Kadishai,M126,זכר,"אצ""ל","בית""ר, בריגדה",,"Etzel , Begin's long time assistant",2,296,עברית,"ראיון שני מתחיל באמצע קלטת B בדקה 19:43:21.קלטת A עם דרופים, השתמשתי בMPEG שלה. פיצוץ השגרירות הבריטית באטליה,   http://bergenbelsen.org/wp-content/uploads/2014/10/%D7%92%D7%99%D7%9C%D7%99%D7%95%D7%9F-7-%D7%A0%D7%95%D7%91%D7%9E%D7%91%D7%A8-2013.pdf",,,https://he.wikipedia.org/wiki/%D7%99%D7%97%D7%99%D7%90%D7%9C_%D7%A7%D7%93%D7%99%D7%A9%D7%90%D7%99,"http://www.ynet.co.il/articles/0,7340,L-4454103,00.html",,,אין,https://youtube.com/playlist?list=PL8PsmAjtLl4zQGQB6M1DUpB9B05_Aw8Nv
רות,קידר,Ruth,Kedar,M1319,נקבה,,,,,1,85,עברית,,,,,,,,אין,https://youtu.be/BglFYPRNd8c
אליהו יוסף,שאר ישוב כהן,Eliyahu Yosef,Shaar Yashuv Cohen,M128,זכר,הגנה,,,"Chief Rabbi of Haifa, POW from battle for Old City of Jerusalem – became rabbi of prisoners there",1,61,עברית,"ישב בעיר העתיקה. 36 שנים כיהן הרב שאר ישוב כהן, בנו של ""הרב הנזיר"", כרבה הראשי של העיר חיפה - ונשא בשלל תפקידים במישור האזרחי והרבני. בצעירותו התגייס הרב לשורות ""ההגנה"", ועם קום המדינה הקים את היחידה הראשונה של צעירים דתיים. הוא לחם על הגנת גוש עציון ובהמשך על העיר העתיקה, נפצע קשה ונפל בשבי הירדני. הוא טופל אך נותר נכה.",,,"http://www.ynet.co.il/articles/0,7340,L-4850858,00.html",https://he.wikipedia.org/wiki/%D7%A9%D7%90%D7%A8_%D7%99%D7%A9%D7%95%D7%91_%D7%9B%D7%94%D7%9F,,,אין,https://youtu.be/8sK8hmf9dMU
מרים,תעסה גלזר,Miriam,Tasa Glazer,M226,נקבה,"אצ""ל",,,,1,148,עברית,יש חומרים נוספים בקלסר - תקציר כמה נקודות מהראיון וגם בתיקיה של נמרוד אשל יחד עם רישומים של מרגלית נירנברג ואהוביה מלכין. חברת כנסת.,,,https://he.wikipedia.org/wiki/%D7%9E%D7%A8%D7%99%D7%9D_%D7%92%D7%9C%D7%96%D7%A8-%D7%AA%D7%A2%D7%A1%D7%94,http://www.holon.muni.il/HolonCity/Lists/List/DispForm.aspx?ID=99,חברת כנסת,,יש כמה נקודות מהראיון,https://youtu.be/ZMsJrFKhkkA
עזריאל,לבנת,Azriel,Livnat,M168,זכר,"לח""י, אצ""ל",,,"Lehi – exiled by British to Africa, father of Minister Limor Livnat",1,128,עברית,"M168B - דקה 22 גבעת טל, שטרן, סיפור שלא סופר..., דקה 15 מולדבסקי, אבא של השרה לימור לבנת",,http://www.haaretz.co.il/news/education/.premium-1.2625630,http://lehi.org.il/?p=1775,,,,אין,https://youtu.be/9N6CSTL7x2I
אורי,לוברני,Uri,Lubrani,M155,זכר,"פלמ""ח",,,"Helped capture Philippines vote for partition in 1947, Ambassador to Iran before Revolution",2,215,עברית,"קצין מודיעין בחטיבה שבע ובחטיבת יפתח. משרד החוץ, מזכיר של משה שרת, מנכ""ל משרד ראש הממשלה, מתאם הפעולות בלבנון, יועץ בטחוני.",,,,,,העפלה,אין,https://youtube.com/playlist?list=PL8PsmAjtLl4y3wu4OLjMhhVqT99ODCjyi
אמנון,לין,Amnon,Linn,M658,זכר,"השומר הצעיר, פלמ""ח",,,,2,268,עברית,"חומרים נוספים - תמונות סטילס. פוליטיקאי ישראלי, משפטן, חבר הכנסת לשעבר.",,,https://he.wikipedia.org/wiki/%D7%90%D7%9E%D7%A0%D7%95%D7%9F_%D7%9C%D7%99%D7%9F,https://www.knesset.gov.il/mk/heb/mk_print.asp?mk_individual_id_t=485,,,אין,https://www.youtube.com/playlist?list=PL8PsmAjtLl4weSYCuq6yY3hS9oFntQZhe
אהרן,מגד,Aharon,Megged,M630,זכר,הגנה,המחנות העולים,,,2,173,עברית,"חומרים נוספים - תקצירי ראיונות, סופר ומחזאי ישראלי. חתן פרס ישראל בספרות לשנת 2003. למד בגימנסיה הרצליה

",כן,,http://cms.education.gov.il/EducationCMS/Units/PrasIsrael/Tashsag/AharonMeged/KorotHaimAharonMeged.htm,https://he.wikipedia.org/wiki/%D7%90%D7%94%D7%A8%D7%9F_%D7%9E%D7%92%D7%93,,,יש,https://www.youtube.com/playlist?list=PL8PsmAjtLl4wOn6G66_B1_iKK2z1_bfj3
יעל,מדיני,Yael,Medini,M446,נקבה,"פלמ""ח",,,,1,130,עברית,"חומרים נוספים בקלסר - תקציר ראיון, הבת של משה שרת",,,,,,,יש,https://youtu.be/WM1krfaGuTg
יוסף,מזור,Yosef,Mazur,M718,זכר,,,,,6,635,עברית,,,,,,,,יש לראיון השני והרביעי,https://www.youtube.com/playlist?list=PL8PsmAjtLl4zztgVEKW_0IZ7RzCQ4OkDd
דני,מט,Dani,Matt,M390,זכר,"פלמ""ח",נוטר,,,8,795,עברית,חומרים נוספים בקלסר- תקצירי הראיון הראשון והרביעי וכמה נקודות מהראיון השישי,,http://www.haaretz.co.il/magazine/obit/1.2183992,https://he.wikipedia.org/wiki/%D7%93%D7%A0%D7%99_%D7%9E%D7%98,,,,יש לראיון הראשון והרביעי וכמה נקודת מהראיון השישי,https://www.youtube.com/playlist?list=PL8PsmAjtLl4x2JfJPcH8UBN79G4paOXhr
אהוביה,מלכין,Auvia,Malkin,M227,זכר,"הגנה, פלמ""ח",המחנות העולים,,,5,574,עברית,"נערך סרטון בערוץ ההיסטוריה ליום העצמאות, הראיון השלישי מתחיל בקלטת M227D - מתחיל בדקה 47 מההגעה לבית השיטה , יש חומרים נוספים בקלסר וגם בקלסר בתיקיה של נמרוד אשל יחד עם רישומים של מרגלית נירנברג ומרים תעסה גלזר, פוליטרוק",,http://www.haaretz.co.il/magazine/obit/1.2200906,https://he.wikipedia.org/wiki/%D7%90%D7%94%D7%95%D7%91%D7%99%D7%94_%D7%9E%D7%9C%D7%9B%D7%99%D7%9F,https://palmach.org.il/veterans/veteranpage/?itemId=73215,,,יש רק לקלטות 1-4,https://youtube.com/playlist?list=PL8PsmAjtLl4zWoA-o3XoIGpPDqtJ8THDm
מנחם,מרון,Menachem,Mron,M551,זכר,הגנה,,,,4,570,עברית,"חומרים נוספים בקלסר - תקצירי ראיונות שני ושלישי, יש בהארדיסק שלו 3 קבצי MPEG4 של כל החומרים לפי ראיונות, במלחמת העצמאות מ""מ בגד' השמיני בחטיבת הנגב. ממקימי קיבוץ צאלים .אלוף במיל'.",,,https://he.wikipedia.org/wiki/%D7%9E%D7%A0%D7%97%D7%9D_%D7%9E%D7%A8%D7%95%D7%9F,,"מנכ""ל משרד הבטחון. דירקטור בחברות שונות.",,יש לראיון השני והשלישי,https://www.youtube.com/playlist?list=PL8PsmAjtLl4zHc_tq4dwBk91pvWPxdHvF
נתן,קליינברגר,Natan,Kleinberger,M405,זכר,"פלמ""ח",,,,2,302,עברית,"חומרים נוספים - תקצירי הראיונות, שופט מחוזי לשעבר, שופט בדימוס. ניצול שואה.מן הפצועים הראשונים של צה""ל",,http://www.haaretz.co.il/magazine/obit/1.2484619,http://www.palmach.org.il/memorial/fighterpage/?itemId=72475,https://judgescv.court.gov.il/398984ba-645e-e811-8105-0050568a6817%D7%A0%D7%AA%D7%9F-%D7%A7%D7%9C%D7%99%D7%99%D7%A0%D7%91%D7%A8%D7%92%D7%A8,,קרבות ירושלים,יש,https://www.youtube.com/playlist?list=PL8PsmAjtLl4x0HefY0htwh4SwFxegoivV
הדר,קמחי,Hadar,Kimchi,M753,זכר,"הגנה, פלמ""ח",,כן,,5,669,עברית,חומרים נוספים – תקצירי ראיונות,,,https://he.wikipedia.org/wiki/%D7%94%D7%93%D7%A8_%D7%A7%D7%9E%D7%97%D7%99,,,,יש,https://www.youtube.com/playlist?list=PL8PsmAjtLl4ybORhPKxZ1rOl54G1VzJAM
טדי,קני,Teddy,Kenny,M587,זכר,הגנה,חיל האוויר הבריטי,,,2,288,עברית,חומרים נוספים - תקצירי ראיונות,,https://www.haaretz.co.il/magazine/obit/.premium-1.2956525,,,,,יש,https://www.youtube.com/playlist?list=PL8PsmAjtLl4wyOKWd48RvzP5a51bfiKMJ
צדוק,אופיר,Tzadok,Ofir,M178,זכר,"אצ""ל",,,,3,365,עברית,"קלטות B,D עם דרופים, השתמשתי בMPEG שלהן. הראיון השני מתחיל בקלטת C בדקה 38:47. ק. תפקידים מיוחדים ביחידה 155, במסגרת זו נמנה עם צנחני המתלה, איש מוסד. נפצע בנסיון חיסול של סוכן כפול במסגרת ""מלחמת הסוכנים"". M178F - חלק אחרון השלמה, M178G - 25 דקות. שירת במודיעין 10 (מתוך רשימה של דני מרום).",,,http://www.202.org.il/Pages/zichram/ofir.php,http://www.haaretz.co.il/news/education/1.1199885,,"כיבוש יפו, קרבות ביהוד.",אין,https://youtube.com/playlist?list=PL8PsmAjtLl4xoTYjYx0W7BKkMG1xx_qus
אליהו,נאווי,Eliyahu,Nawi,M370,זכר,הגנה,,,,1,89,עברית,"חומרים נוספים בקלסר, הגשת תכנית רדיו בערבית במסגרת קול ההגנה תחת השם 'דאוד אל נאטור'. יו""ר ארגון הסטודנטים (מה שהיה לימים אונ' ת""א) בשנים 1944-1947. חבר ומזכיר ארגון השומרים. קצין מודיעין בצה""ל. ראש עיריית באר שבע. מזרחן המומחה להווי הערבי. פרשן רדיו בערבית. עו""ד ושופט. השופט הראשון לבאר שבע והנגב.",,,,,,,אין,https://youtu.be/m4RvaFGp-CI
מנחם,נבות,Menachem,Navot,M771,זכר,"ש""י",,,,2,215,עברית,היה במוסד,,,https://he.wikipedia.org/wiki/%D7%A0%D7%97%D7%99%D7%A7_%D7%A0%D7%91%D7%95%D7%AA,"https://www.ynet.co.il/articles/0,7340,L-5554128,00.html",,,אין,https://www.youtube.com/playlist?list=PL8PsmAjtLl4xEABmXiPyDXiQJhLwp9YDm
יוסף,נחמיאס,Yosef,Nachmias,M827,זכר,"אצ""ל",,,,4,513,עברית,"מבכירי לוחמי האצ""ל, מניצולי כלא עכו ואלטלנה ומראשי מוזיאון האצ""ל בתש""ח.",,,https://he.wikipedia.org/wiki/%D7%99%D7%95%D7%A1%D7%A7%27%D7%94_%D7%A0%D7%97%D7%9E%D7%99%D7%90%D7%A1,,,,יש,https://youtube.com/playlist?list=PL8PsmAjtLl4zC0YghIyMDbNYI8tcu-GYt
אריה,נחמקין,Aryeh,Nehemkin,M522,זכר,הגנה,,,,5,665,עברית,"חומרים נוספים בקלסר - תקצירי ראיונות, מזכיר תנועת המושבים. היה חבר הכנסת מטעם המערך ושר החקלאות.",,,https://he.wikipedia.org/wiki/%D7%90%D7%A8%D7%99%D7%94_%D7%A0%D7%97%D7%9E%D7%A7%D7%99%D7%9F,https://www.youtube.com/watch?v=XjXYubfLxqM,,,יש,https://www.youtube.com/playlist?list=PL8PsmAjtLl4yILLrpXbEPbiObDaEe9tN9
שמואל,סגל,Shmuel,Segal,M216,זכר,נוטר,,,,1,154,עברית,נערך סרטון בערוץ ההיסטוריה ליום העצמאות,,,,,,,יש,https://youtu.be/kuVqBwYAhac
אליהו,סחרוב,Eliyahu,Sacharov,M676,זכר,הגנה,,,,10,1693,עברית,"חומרים נוספים - תקצירי ראיונות הראשון, השני, השלישי, החמישי, השישי והשביעי. קבצי wmv. תעשיין ישראלי ואיש מערכת הביטחון. לפני קום המדינה היה ממניחי התשתית של התעשייה הצבאית ואיש רכש של ""ההגנה"", ולאחריה פעל בשליחויות חשאיות מטעם משרד הביטחון בתחום הרכש הצבאי.",,, http://he.wikipedia.org/wiki/%D7%90%D7%9C%D7%99%D7%94%D7%95_%D7%A1%D7%97%D7%A8%D7%95%D7%91,,,,"יש לראיון הראשון, השני, השלישי, החמישי, השישי והשביעי",https://www.youtube.com/playlist?list=PL8PsmAjtLl4zozdpCSRyPgTjZq1thMTvu
אליהו,סלע,Eliyahu,Sela,M333,זכר,"פלמ""ח","גדנ""ע",,,2,226,עברית,רעננה,,,https://he.wikipedia.org/wiki/%D7%90%D7%9C%D7%99%D7%94%D7%95_%D7%A1%D7%9C%D7%A2,http://info.palmach.org.il/show_item.asp?levelId=38495&itemId=6316&itemType=0&fighter=71932,,,אין,https://www.youtube.com/playlist?list=PL8PsmAjtLl4xrkauUz_3_tyAS762f9loj
דוד הרברט,סמואל,David Herbert,Samuel,M427,זכר,צבא הבריטי,,,,1,169,עברית,"חומרים נוספים בקלסר - תקציר ראיון, פרופסור, הנכד של הרברט סמואל. היה מדען ומחנך ישראלי, פרופסור לכימיה פיזיקלית במכון ויצמן למדע, חוקר איזוטופים ואחר כך חוקר זיכרון. בעל תואר האצולה ""ויקונט סמואל השלישי"" (אנ') מ-1978 וחבר בית הלורדים של הממלכה המאוחדת בשנים 1978–1999.",,http://www.haaretz.co.il/magazine/obit/.premium-1.2460438,https://he.wikipedia.org/wiki/%D7%93%D7%95%D7%93_%D7%A1%D7%9E%D7%95%D7%90%D7%9C,,,,יש,https://youtu.be/RFpfOglTMpc
תהילה,עופר,Tehila,Ofer,M327,נקבה,"פלמ""ח",השומר הצעיר,,,1,190,עברית,"חומרים נוספים בקלסר - גם תמונות, עליה באנית המעפילים 'כנסת ישראל'. גירוש לקפריסין. פל' א' בגד' הראשון של חטיבת יפתח. עיתונאית וסופרת.",,,https://he.wikipedia.org/wiki/%D7%AA%D7%94%D7%99%D7%9C%D7%94_%D7%A2%D7%95%D7%A4%D7%A8,,,,יש,https://youtu.be/jKT-R_3P7MY
יצחק,פונדק,Yitzhak,Pundak,M150,זכר,הגנה,"גדנ""ע",,"Brigadier General, Brigade Commander",3,448,עברית,"רוב הקלטות עם דרופים חוץ מקלטות A,B,D אז השתמשתי בMPEG שלהן. M150A - מח""ט, מגדיאל - פולין, גבעתי, שפיים - בריטים, M150B - באר טוביה, M150F, תא""ל במיל'. מג""ד 53 בחטיבת גבעתי במלחמת השחרור. - אניטה שפירא, אבא קובנר, שמעון אבידן",,,https://he.wikipedia.org/wiki/%D7%99%D7%A6%D7%97%D7%A7_%D7%A4%D7%95%D7%A0%D7%93%D7%A7,,,,אין,https://youtube.com/playlist?list=PL8PsmAjtLl4xyLvogwyQTLsDh6yZMLXjn
מתתיהו,פלאי,Matityahu,Peli,M263,זכר,"לח""י","בית""ר, אצ""ל",,,1,134,עברית,"M263C - רק 11 דקות של מתתיהו פלאי, אחרי זה ראיון של שלמה יעקב, M263A - סזון, וילקינס, יהושע כהן, M263B, מראשוני לח""י בכפר סבא - רכבת קלקיליה, שלמה בן יוסף",,,http://lehi.org.il/?p=2300,http://museum-lehi.blogspot.co.il/2013/03/blog-post.html,,,אין,https://youtu.be/DhabK_9k5ew
זימרה,פלד,Zimra,Peled,M164,נקבה,"פלמ""ח",,,"Palmach, guarded convoys",1,106,עברית,"שיירות פלמ""ח. אשתו של אלעד פלד.",,https://www.haaretz.co.il/magazine/obit/.premium-1.2915595,http://www.palmach.org.il/memorial/fighterpage/?itemId=72533,,,,אין,https://youtu.be/vpsr2pKt9TM
אברהם,פלד,Avraham,Peled,M153,זכר,הגנה,,,"Haganah Brigade Commander, Brother of Musa Peled",1,186,עברית,"תא""ל במיל, M153A - גדוד 22 - פתח תקוה, M153B - כיבוש חיפה, ישיבה בכלא עכו, אח של מוסא פלד",,,http://gdud22.blogspot.co.il/p/blog-page_12.html,,,,אין,https://youtu.be/OxOA99OQquI
אלעד,פלד,Elad,Peled,M166,זכר,"הגנה, פלמ""ח",המחנות העולים,,General – Commander in battle in Tzfat,3,424,עברית,,,,https://he.wikipedia.org/wiki/%D7%90%D7%9C%D7%A2%D7%93_%D7%A4%D7%9C%D7%93,,,,אין,https://www.youtube.com/playlist?list=PL8PsmAjtLl4z8K3HMwFrUC70Fp5L2FUh_
יוחנן,פלץ,Yochanan,Peltz,M152,זכר,הגנה,,,Haganah - Dayan's deputy in the 8th Brigade,1,141,עברית,"חומרים נוספים - תמונות, סמג""ד 89, M152B, גני יהודה. תא״ל",,http://www.haaretz.co.il/magazine/obit/.premium-1.2365966,,,,,אין,https://youtu.be/JOR8OqzqepI
חסידה,פעיל,Hasida,Pail,M928,נקבה,"הגנה, פלמ״ח",,,,2,290,עברית,,,,,,,,אין,https://www.youtube.com/playlist?list=PL8PsmAjtLl4zm0gYkYBNcB0v20GWRfagU
יצחק,רהב,Yitzchak,Rahav,M385,זכר,"פלמ""ח","גדנ""ע",המפקד הראשון של שייטת 13,,4,368,עברית,"ראיון ראשון, שלישי ורביעי פלג צילם בHD, ראיון שני יוסי ליאון בHDV, שלישי בhd, חומרים נוספים בקלסר - תקצירי ראיונות, בראיון של איזי רהב מתאריך 22.9.2010 יש ראיון של שולה רהב, הועלה ליוטיוב סרטון מהראיון השני דקה:00:00:32:02-00:12:20:00. הראיון הרביעי הוא השלמה. שמו המקורי זה יצחק, איזי זה שם חיבה. המפקד הראשון של שייטת 13
תא״ל",,http://www.haaretz.co.il/magazine/obit/.premium-1.2712447,,,,,יש,https://youtube.com/playlist?list=PL8PsmAjtLl4yQlQGopWwsdFOrKfL9vO55
אלישע,רואי,Elisha,Roy,M281,זכר,"הגנה, פלי""ם",בריגדה,,,4,564,עברית,חומרים נוספים בקלסר. שירת במודיעין 10 (מתוך רשימה של דני מרום).,,,https://palmach.org.il/veterans/veteranpage/?itemId=73772,https://www.haaretz.co.il/magazine/obit/1.3100405,,,יש כמה נקודות מהראיון,https://youtube.com/playlist?list=PL8PsmAjtLl4zOUJ_pvt1h4YgNbU0Y6_Zb
דוד,רובינגר,David,Rubinger,M1069,זכר,,,,,1,47,עברית,"הוא צלם ישראלי, חתן פרס ישראל לתקשורת (תשנ""ז).",כן,,https://he.wikipedia.org/wiki/%D7%93%D7%95%D7%93_%D7%A8%D7%95%D7%91%D7%99%D7%A0%D7%92%D7%A8,,,,אין,https://youtu.be/KLmykYyJOZc
מאיר,רוזן,Meir,Rosen,M156,זכר,הגנה,,,"Haganah, Ambassador to US, Legal architect of Camp David Accords",1,239,עברית,חומרים נוספים בקלסר - תקציר כמה נקודות מהראיון. דוקטור.,,,https://he.wikipedia.org/wiki/%D7%9E%D7%90%D7%99%D7%A8_%D7%A8%D7%95%D7%96%D7%9F,,"שגריר ישראל בצרפת, שגריר ישראל בארה""ב",,יש כמה נקודות מהראיון,https://youtu.be/9tK2I297JO0
מרדכי,רוטנברג,Mordechai,Rotenberg,M984,זכר,"גדנ""ע, הגנה",,,,1,107,עברית,"פרופסור לעבודה סוציאלית באוניברסיטה העברית בירושלים, חתן פרס ישראל לחקר העבודה הסוציאלית לשנת ה'תשס""ט, עמית מחקר במרכז הירושלמי לענייני ציבור ומדינה.",כן,,https://he.wikipedia.org/wiki/%D7%9E%D7%A8%D7%93%D7%9B%D7%99_%D7%A8%D7%95%D7%98%D7%A0%D7%91%D7%A8%D7%92,http://cms.education.gov.il/EducationCMS/Units/PrasIsrael/PrashTashsath/MordechayRotenberg/CvMordechayRotenberg.htm,https://www.gvura.org/a346969-%d7%94%d7%99%d7%9c%d7%93-%d7%a9%d7%94%d7%a6%d7%99%d7%9c-%d7%90%d7%aa-%d7%99%d7%a8%d7%95%d7%a9%d7%9c%d7%99%d7%9d,,יש,https://youtu.be/GVHX3_lWKHc
יוסף,רום,Yosef,Rom,M639,זכר,"פלי""ם",,"פלי""ם ומהנדס בחייל",,5,471,עברית,,,,,,,,יש לראיון השני והשלישי,https://www.youtube.com/playlist?list=PL8PsmAjtLl4wl3rdqmjCN4k_Xtk2mO53g
נחמן,רז,Nachman,Raz,M306,זכר,הגנה,,,,3,411,עברית,"חומרים נוספים - תמונות, צילום ראשון - קבצי HD מצלמה של פלג, צילומים נוספים HD מצלמה של ארבל. מזכיר הנוער העובד במלחמת העצמאות, מתאר בפגישות את הימים עד מלחמת העצמאות, פגישות עם פרס, יזהר סמילנסקי ועוד ... לימים ראש ועדת החינוך והתרבות של הכנסת מטעם מפלגת העבודה. ",,http://www.haaretz.co.il/magazine/obit/.premium-1.2695922,https://he.wikipedia.org/wiki/%D7%A0%D7%97%D7%9E%D7%9F_%D7%A8%D7%96,,"קצין חינוך ראשי של הנח""ל 1950 - 1952",,אין,https://www.youtube.com/playlist?list=PL8PsmAjtLl4weU6dcxhzCj5ODOdNbs3d4
יצחק,רזין,Yitzchak,Razin,M835,זכר,הגנה,צבא הבריטי,,,2,222,עברית,"חומרים נוספים - תקציר ראיון ראשון, תמונות סטילס, צילומים נוספים",,,,,,,יש לראיון הראשון,https://youtube.com/playlist?list=PL8PsmAjtLl4xuX61tSHK2tOgXxW6Eys78
יאיר,רחלי,Yair,Racheli,M744,זכר,"פלמ""ח",,,,1,95,עברית,גיבור ישראל. בוגר בית הספר החקלאי מקווה ישראל,,,https://he.wikipedia.org/wiki/%D7%99%D7%90%D7%99%D7%A8_%D7%A8%D7%97%D7%9C%D7%99,http://www.palmach.org.il/veterans/veteranpage/?itemId=72989,,,יש כמה נקודות,https://youtu.be/N_v5rChxoTY
אליעזר,שביד,Eliezer,Schweid,M1012,זכר,"פלמ""ח",המנות העולים,,,6,509,עברית,"מחשובי חוקרי מחשבת ישראל, הוגה דעות ומחנך. פרופסור אמריטוס למחשבת ישראל באוניברסיטה העברית וחתן פרס ישראל בחקר מחשבת ישראל לשנת ה'תשנ""ד 1994.",כן,,https://he.wikipedia.org/wiki/%D7%90%D7%9C%D7%99%D7%A2%D7%96%D7%A8_%D7%A9%D7%91%D7%99%D7%93,https://www.am-oved.co.il/page_24016,,,יש,https://www.youtube.com/playlist?list=PL8PsmAjtLl4yLpGSRNBMSIKdgXX-rGI5g
נתן,שחם,Natan,Shaham,M319,זכר,"פלמ""ח","המחנות העולים, השומר הצעיר",,,1,365,עברית,"חומרים נוספים בקלסר - תקציר ראיון ראשון, בראיון השני דקה: 00:00:32:03 - מספר על המשימות המיוחדות שלו בפלמ""ח. סופר, עורך, מתרגם ומחזאי ישראלי, חתן פרס ישראל לספרות תשע""ב. מתווך בין ההגנה ללח""י בתקופת תנועת המרי. בין האחרונים שראו את גולומב בחיים. סופר.",כן,,http://cms.education.gov.il/EducationCMS/Units/PrasIsrael/MekableyPrasTashab/NatanShacham/CV.htm,https://he.wikipedia.org/wiki/%D7%A0%D7%AA%D7%9F_%D7%A9%D7%97%D7%9D,,,יש רק לראיון הראשון,https://www.youtube.com/playlist?list=PL8PsmAjtLl4yYxFkunaDyOGc7hiU0PmwL
פנחס,וינשטיין,Pinchas,Veinstein,M368,זכר,"פלמ""ח, חי""ש, פו""ש, פו""ם, הגנה",,,,2,392,עברית,"חומרים נוספים בקלסר - תקציר ראיונות, ב26.8.10 צולם פעמיים עם הפסקה, מראשוני הפלמ""ח",,,http://www.palmach.org.il/veterans/veteranpage/?itemId=75384,"https://www.ynet.co.il/articles/0,7340,L-4649847,00.html",,"פיצוץ משטרת גבעת אולגה, ליל וינגייט, ליל הגשרים, ההתקפה על שרונה ועוד",יש,https://www.youtube.com/playlist?list=PL8PsmAjtLl4yVcuDFW3OkiE39NH3yMYkZ
ישראל,ויסלר,Israel,Wisler,M775,זכר,"פלמ""ח",,,,5,714,עברית,חומרים נוספים – תקצירי ראיונות,,,https://he.wikipedia.org/wiki/%D7%A4%D7%95%D7%A6%27%D7%95,https://www.maariv.co.il/culture/literature/Article-526239,,,יש,https://www.youtube.com/playlist?list=PL8PsmAjtLl4wLuOyZs0jCO2LhZNuSczpM
רפאל,ורדי,Refael,Vardi,M633,זכר,הגנה,,,,6,912,עברית,"חומרים נוספים - תקצירי ראיונות ,תמונות סטילס, קובץ מצלמה שניה, אלוף במיל'. במלחמת העצמאות שירת כמג""ד בחטיבת גבעתי",,,https://he.wikipedia.org/wiki/%D7%A8%D7%A4%D7%90%D7%9C_%D7%95%D7%A8%D7%93%D7%99,,,,יש,https://www.youtube.com/playlist?list=PL8PsmAjtLl4w-b0PZnOXKe7u_lWuGwnYF
סטף,ורטהיימר,Stef,Wertheimer,M527,זכר,"פלמ""ח",צבא הבריטי,,,2,215,עברית,"קורס טיס. תע""ש. ח""כ מטעם ד""ש ומגדולי היזמים והבונים של התעשייה והכלכלה הישראלית, תעשיין, מייסדם של המפעלים ""ישקר"" ו""טכנולוגיית להבים"", זוכה פרס ישראל וחבר הכנסת התשיעית מטעם התנועה הדמוקרטית לשינוי (ד""ש). הוא שירת בצבא הבריטי במלחמת העולם השנייה ובפלמ""ח ובצה""ל במלחמת השחרור, עסק במיזמי חינוך, עידוד כלכלי ואיכות שלטון מגוונים והיה ממייסדי כפר ורדים. ורטהיימר הוא אחד האנשים העשירים בישראל.‏",כן,,https://he.wikipedia.org/wiki/%D7%A1%D7%98%D7%A3_%D7%95%D7%A8%D7%98%D7%94%D7%99%D7%99%D7%9E%D7%A8,,,,אין,https://www.youtube.com/playlist?list=PL8PsmAjtLl4zRdfd249sTEU9j4cFSLBIF
זאבה,זבידוב,Zeheva,Zavidov,M632,נקבה,הגנה,,,,3,542,עברית,"חומרים נוספים - מספר משפטים, בתו אל אב""א אחימאיר. גדלה בדגניה.",,,http://mobile.beitaba.com/index.php?dir=site&page=content&cs=28,,,,יש כמה משפטים,https://www.youtube.com/playlist?list=PL8PsmAjtLl4z4iXlSkv6CXzqFUyseD9ec
יהודה,זיו,Yehuda,Ziv,M329,זכר,"פלמ""ח",,,,2,307,עברית,"קלטת C מפוצלת ל-3, הוא גאוגרף, איש לשון, חוקר טבע ומדריך טיולים בשבילי ישראל. מאז שנת 1972 הוא חבר ועדת השמות הממשלתית, והוא מכהן בה כיושב-ראש ועדת המשנה לשמות יישובים.",,,https://he.wikipedia.org/wiki/%D7%99%D7%94%D7%95%D7%93%D7%94_%D7%96%D7%99%D7%95,http://info.palmach.org.il/show_item.asp?levelId=38495&itemId=6316&itemType=0&fighter=75461,,,אין,https://www.youtube.com/playlist?list=PL8PsmAjtLl4zWyU8RYTRh7Lgd1VOUP103
צבי,זמיר,Zvi,Zamir,M295,זכר,"פלמ""ח",,,,5,561,עברית,ישנם צילומים ב MINIDV וצילומים נוספים ב HD במצלמה של פלג. פיקד על חטיבת גבעתי. פיקד על חטיבת כרמלי. אלוף. ראש המוסד,,,https://he.wikipedia.org/wiki/%D7%A6%D7%91%D7%99_%D7%96%D7%9E%D7%99%D7%A8,http://news.nana10.co.il/Article/?ArticleID=1115289,,,אין,https://www.youtube.com/playlist?list=PL8PsmAjtLl4wshxCNHBfSCFTgeDJ9Bbmo
אלי,זעירא,Eli,Zeira,M705,זכר,"פלמ""ח",,,,3,460,עברית,,,,https://he.wikipedia.org/wiki/%D7%90%D7%9C%D7%99_%D7%96%D7%A2%D7%99%D7%A8%D7%90,,,,אין,https://www.youtube.com/playlist?list=PL8PsmAjtLl4wR8uIl_pcmOu8Y4SqTTZep
דן,טולקובסקי,Dan,Tolkowsky,M523,זכר,הגנה,אלוף במיל',,,1,111,עברית,"אלוף במיל', חומרים נוספים בקלסר - תקציר ראיון",,,https://he.wikipedia.org/wiki/%D7%93%D7%9F_%D7%98%D7%95%D7%9C%D7%A7%D7%95%D7%91%D7%A1%D7%A7%D7%99,http://www.iaf.org.il/2564-30150-he/IAF.aspx,,,יש,https://youtu.be/ne3zU1sg320
שמואל,טנקוס,Shmuel,Tankus,M139,זכר,"פלי""ם",,אלוף מפקד חיל הים,"Major General, Commander of Navy, father of Navy Seaman course",1,156,עברית,M139A - מפקד חיל הים 1954-1960,,https://he.wikipedia.org/wiki/שמואל_טנקוס,,,,,אין,https://youtu.be/XvIHygGj008
רעיה,יגלום,Raya,Jaglom,M924,נקבה,הגנה,,,,1,93,עברית,http://raya-jaglom.com/hebrew.html,,,https://he.wikipedia.org/wiki/%D7%A8%D7%A2%D7%99%D7%94_%D7%99%D7%92%D7%9C%D7%95%D7%9D,,נשיאת ויצו,,אין,https://youtu.be/fVW34qIIsRc
אהרן,ידלין,Aharon,Yadlin,M703,זכר,"הגנה, פלמ""ח",הצופים,,,8,1086,עברית,"תקציר ראיון ראשון ורביעי, פעיל ציבור, חבר הכנסת ושר החינוך בממשלת רבין הראשונה (1974 - 1977). חתן פרס ישראל לשנת 2010. יש שני טפסי הסכמה מתאריכים שונים.",כן,,http://cms.education.gov.il/EducationCMS/Units/PrasIsrael/MekableyPrasTasha/AaronYadlin/CV.htm,https://he.wikipedia.org/wiki/%D7%90%D7%94%D7%A8%D7%9F_%D7%99%D7%93%D7%9C%D7%99%D7%9F,,,יש לראיון הראשון ולרביעי,https://www.youtube.com/playlist?list=PL8PsmAjtLl4zX6W_WLqtwl735-H_vxxPa
עזרא,יכין,Ezra,Yachin,M85,זכר,"לח""י",,,"Lehi, fought for Jerusalem in '48",2,336,עברית,"גג המוות בירושלים, אלכסנדר רובוביץ' ,M85B - ניסיון התנקשות בשופטים 1947, בית חנניה. M85C - מסיבה מגרש הרוסים",,,https://he.wikipedia.org/wiki/%D7%A2%D7%96%D7%A8%D7%90_%D7%99%D7%9B%D7%99%D7%9F,http://www.global-report.com/ezray/,,,אין,https://youtube.com/playlist?list=PL8PsmAjtLl4xnFuXom0UtCbFGlbQMKOEu
יצחק,יעקב,Yitzchak,Yaakov,M609,זכר,"פלמ""ח","תא""ל בדימוס",,,4,483,עברית,"חומרים נוספים בקלסר - תקציר כמה נקודות מהראיון השלישי והרביעי, כינוי ""יצה"", תא""ל בדימוס, בראיון השני יש קובץ קצר של QT שצולם במצלמה שניה עם ויזואלס. פיצוץ גשר עזה, שיירת העשרה, מ""מ בקריית ענבים, קצין מבצעים של הגדוד השישי בחטיבת הראל. בוגר קורס המג""דים הראשון בצה""ל. תא""ל במיל'. ממייסדי היחידה למחקר ופיתוח של משרד הבטחון.",,,https://he.wikipedia.org/wiki/%D7%99%D7%A6%D7%97%D7%A7_%D7%99%D7%A2%D7%A7%D7%91,,המדען הראשי הראשון במשרד המסחר והתעשייה.,,יש כמה נקודות מהראיון השלישי והרביעי,https://www.youtube.com/playlist?list=PL8PsmAjtLl4wsFhM28siDFUccoS2pJWxR
אביעזר,יערי,Aviezer,Yaari,M1028,זכר,הגנה,,,,2,204,עברית,רואיין בעבר לערוץ 2,,,https://he.wikipedia.org/wiki/%D7%90%D7%91%D7%99%D7%A2%D7%96%D7%A8_%D7%99%D7%A2%D7%A8%D7%99,,,,יש,https://www.youtube.com/playlist?list=PL8PsmAjtLl4xVLN2y3I-vYsmofh_yDVId
רחל,סבוראי,Rachel,Savorai,M410,נקבה,"פלמ""ח",,,,1,161,עברית,"חומרים נוספים - תקציר ראיון 10.10.10, רמת רחל, ליל הגשרים - גשר דאמיה, הגדוד הרביעי בחטיבת הראל. מההולכים לפטרה.",,,https://he.wikipedia.org/wiki/%D7%A8%D7%97%D7%9C_%D7%A1%D7%91%D7%95%D7%A8%D7%90%D7%99,http://www.palmach.org.il/memorial/fighterpage/?itemId=72085,,,יש,https://youtu.be/mMIk0_927RQ
טובה,סבוראי,Tova,Savorai,M336,נקבה,"לח""י, אצ""ל",,,,3,416,עברית,"חומרים נוספים- תקציר ראיון 1.10.10, בביתה נרצח 'יאיר'.",,https://www.haaretz.co.il/magazine/obit/.premium-1.1981956,https://lehi.org.il/?p=2124,https://www.israelhayom.co.il/article/81393,,,יש רק ל1.10.10,https://www.youtube.com/playlist?list=PL8PsmAjtLl4yK5J3m-aC8EDn8D0jXOwxo
יואש,צידון,Yoash,Tzidon,M132,זכר,הגנה,"פלי""ם","פלי""ם","Palmach Sea Force and Haganah, former MK",1,373,עברית,"נערכו 2 סרטונים בערוץ ההיסטוריה ליום העצמאות ,M132B - בעיקר שנים 45-46. היה מפעילי ההעפלה, מראשוני טייסי הקרב בחיל האוויר וחבר הכנסת ה-12",,http://www.haaretz.co.il/magazine/obit/1.2679787,https://he.wikipedia.org/wiki/%D7%99%D7%95%D7%90%D7%A9_%D7%A6%D7%99%D7%93%D7%95%D7%9F,https://en.wikipedia.org/wiki/Yoash_Tzidon,,,אין,https://www.youtube.com/playlist?list=PL8PsmAjtLl4y7F-caxs1nZvU6Y9rCbsrI
מרדכי,ציפורי,Mordechai,Tzipori,M428,זכר,"בית""ר, אצ""ל",סגן שר הביטחון,,,3,476,עברית,חומרים נוספים בקלסר - תקצירי ראיונות. היה חבר הכנסת.,,,https://he.wikipedia.org/wiki/%D7%9E%D7%A8%D7%93%D7%9B%D7%99_%D7%A6%D7%A4%D7%95%D7%A8%D7%99,"https://www.ynet.co.il/articles/0,7340,L-4969142,00.html",,,יש,https://www.youtube.com/playlist?list=PL8PsmAjtLl4wwce_60Vv_in8YYTjKSLom
יששכר,שדמי,Issachar,Shadmi,M210,זכר,"פלמ""ח",משטרת הישובים העבריים,,,8,1132,עברית,"יש חומרים נוספים בקלסר בתיקיה של מרים תעסה גלזר ובתיקיה של מנשה הראל - תקציר של מספר נקודות מהראיונות, יש מסמך עם מס' נקודות על קלטות 15-17, M210F - מלחמת העצמאות, M210I - 14 דקות. בוגר בית הספר כדורי",,,https://he.wikipedia.org/wiki/%D7%99%D7%A9%D7%A9%D7%9B%D7%A8_%D7%A9%D7%93%D7%9E%D7%99,http://info.palmach.org.il/show_item.asp?levelId=38495&itemId=6316&itemType=0&fighter=73494,,,יש כמה נקודות מהראיון,https://www.youtube.com/playlist?list=PL8PsmAjtLl4wHEsIIK8p-BuBpRkCpHPxj
דוד,שומרון,David,Shomron,M63,זכר,"לח""י",,,"Senior Lehi member, Mossad",8,1066,עברית,"חומרים נוספים - תקצירי ראיונות לשני, השלישי, הרביעי, החמישי והשישי, צילום ראשון נעשה בDV צילום שני נעשה בHD, גבעת שפירא - M63B",,,https://www.facebook.com/455885857826652/posts/3582183598530180/,,,,"יש לראיון השני, השלישי, הרביעי, החמישי והשישי",https://www.youtube.com/playlist?list=PL8PsmAjtLl4zQIrz9i_9ig9k5j2JRJrPl
מאיר,שמגר,Meir,Shamgar,M322,זכר,אצ״ל,,,,1,132,עברית,"חומרים נוספים בקלסר - מכתב תודה, הוא משפטן ישראלי, היועץ המשפטי לממשלה (1968–1975) ונשיא בית המשפט העליון בין השנים 1983–1995. חתן פרס ישראל. מגולי קניה.",כן,,,,,,אין,https://www.youtube.com/watch?v=BsFzSfPbt0g&feature=youtu.be
שולמית,שמיר,Shulamit,Shamir,M68,נקבה,"לח""י",,,"Lehi, Wife of former Prime Minister Yitzhak Shamir",1,58,עברית,"M68 - תל אביב , מלון פלוס, על הקלטת רשום תאריך 31.8.09?",,,https://he.wikipedia.org/wiki/%D7%A9%D7%95%D7%9C%D7%9E%D7%99%D7%AA_%D7%A9%D7%9E%D7%99%D7%A8,,,,אין,https://youtu.be/vdSKBYZosK8
דני,שפירא,Dani,Shapira,M974,זכר,הגנה,חיל האוויר,,,6,856,עברית,חומרים נוספים - תקצירי ראיונות,,,https://he.wikipedia.org/wiki/%D7%93%D7%A0%D7%99_%D7%A9%D7%A4%D7%99%D7%A8%D7%90,,,,יש,https://www.youtube.com/playlist?list=PL8PsmAjtLl4zEC5UssOhIvY8ej5Kb22qR
יעקב,שרת,Yaakov,Sharet,M420,זכר,"הגנה, פלמ""ח, בריגדה",,,,4,574,עברית,"חומרים נוספים בקלסר - תקצירי הראיונות, ב16.11.10 צולם פעמיים עם הפסקה. חצרים בכ""ט בנובמבר, קרבות בנגב, התעללות בשבויים, הצירות בברה""מ, פרשיות ריגול במפ""ם, היחסים עם בן גוריון. בנו של משה שרת.",,,,,,,יש,https://www.youtube.com/playlist?list=PL8PsmAjtLl4yS2hB_zm751O_AhRcrpYUR
